"filename", "language", "SCSS", "TypeScript React", "TypeScript", "Markdown", "XML", "JSON", "comment", "blank", "total"
"c:\Users\oloa\OneDrive\Pulpit\gatsby-booking-com\src\assets\apple.svg", "XML", 0, 0, 0, 0, 1, 0, 0, 0, 1
"c:\Users\oloa\OneDrive\Pulpit\gatsby-booking-com\src\assets\arrowDown.svg", "XML", 0, 0, 0, 0, 3, 0, 0, 0, 3
"c:\Users\oloa\OneDrive\Pulpit\gatsby-booking-com\src\assets\arrowLeft.svg", "XML", 0, 0, 0, 0, 1, 0, 0, 0, 1
"c:\Users\oloa\OneDrive\Pulpit\gatsby-booking-com\src\assets\arrowRight.svg", "XML", 0, 0, 0, 0, 1, 0, 0, 0, 1
"c:\Users\oloa\OneDrive\Pulpit\gatsby-booking-com\src\assets\arrowUp.svg", "XML", 0, 0, 0, 0, 1, 0, 0, 0, 1
"c:\Users\oloa\OneDrive\Pulpit\gatsby-booking-com\src\assets\arrowUp2.svg", "XML", 0, 0, 0, 0, 3, 0, 0, 0, 3
"c:\Users\oloa\OneDrive\Pulpit\gatsby-booking-com\src\assets\arrows.svg", "XML", 0, 0, 0, 0, 23, 0, 1, 0, 24
"c:\Users\oloa\OneDrive\Pulpit\gatsby-booking-com\src\assets\arrowsHor.svg", "XML", 0, 0, 0, 0, 1, 0, 0, 0, 1
"c:\Users\oloa\OneDrive\Pulpit\gatsby-booking-com\src\assets\balance.svg", "XML", 0, 0, 0, 0, 1, 0, 0, 0, 1
"c:\Users\oloa\OneDrive\Pulpit\gatsby-booking-com\src\assets\bed.svg", "XML", 0, 0, 0, 0, 1, 0, 0, 0, 1
"c:\Users\oloa\OneDrive\Pulpit\gatsby-booking-com\src\assets\book.svg", "XML", 0, 0, 0, 0, 1, 0, 0, 0, 1
"c:\Users\oloa\OneDrive\Pulpit\gatsby-booking-com\src\assets\bookingIcon.svg", "XML", 0, 0, 0, 0, 1, 0, 0, 0, 1
"c:\Users\oloa\OneDrive\Pulpit\gatsby-booking-com\src\assets\booking_logo.svg", "XML", 0, 0, 0, 0, 217, 0, 1, 2, 220
"c:\Users\oloa\OneDrive\Pulpit\gatsby-booking-com\src\assets\callendar.svg", "XML", 0, 0, 0, 0, 1, 0, 0, 0, 1
"c:\Users\oloa\OneDrive\Pulpit\gatsby-booking-com\src\assets\car.svg", "XML", 0, 0, 0, 0, 1, 0, 0, 0, 1
"c:\Users\oloa\OneDrive\Pulpit\gatsby-booking-com\src\assets\close.svg", "XML", 0, 0, 0, 0, 1, 0, 0, 0, 1
"c:\Users\oloa\OneDrive\Pulpit\gatsby-booking-com\src\assets\cookie.svg", "XML", 0, 0, 0, 0, 1, 0, 0, 0, 1
"c:\Users\oloa\OneDrive\Pulpit\gatsby-booking-com\src\assets\correctCircle.svg", "XML", 0, 0, 0, 0, 4, 0, 0, 0, 4
"c:\Users\oloa\OneDrive\Pulpit\gatsby-booking-com\src\assets\emptyCircle.svg", "XML", 0, 0, 0, 0, 3, 0, 0, 0, 3
"c:\Users\oloa\OneDrive\Pulpit\gatsby-booking-com\src\assets\facebook.svg", "XML", 0, 0, 0, 0, 1, 0, 0, 0, 1
"c:\Users\oloa\OneDrive\Pulpit\gatsby-booking-com\src\assets\flight.svg", "XML", 0, 0, 0, 0, 1, 0, 0, 0, 1
"c:\Users\oloa\OneDrive\Pulpit\gatsby-booking-com\src\assets\forum.svg", "XML", 0, 0, 0, 0, 1, 0, 0, 0, 1
"c:\Users\oloa\OneDrive\Pulpit\gatsby-booking-com\src\assets\genius.svg", "XML", 0, 0, 0, 0, 16, 0, 0, 0, 16
"c:\Users\oloa\OneDrive\Pulpit\gatsby-booking-com\src\assets\google.svg", "XML", 0, 0, 0, 0, 1, 0, 0, 0, 1
"c:\Users\oloa\OneDrive\Pulpit\gatsby-booking-com\src\assets\hamburger.svg", "XML", 0, 0, 0, 0, 1, 0, 0, 0, 1
"c:\Users\oloa\OneDrive\Pulpit\gatsby-booking-com\src\assets\hands.svg", "XML", 0, 0, 0, 0, 1, 0, 0, 0, 1
"c:\Users\oloa\OneDrive\Pulpit\gatsby-booking-com\src\assets\heart.svg", "XML", 0, 0, 0, 0, 1, 0, 0, 0, 1
"c:\Users\oloa\OneDrive\Pulpit\gatsby-booking-com\src\assets\home.svg", "XML", 0, 0, 0, 0, 1, 0, 0, 0, 1
"c:\Users\oloa\OneDrive\Pulpit\gatsby-booking-com\src\assets\info.svg", "XML", 0, 0, 0, 0, 1, 0, 0, 0, 1
"c:\Users\oloa\OneDrive\Pulpit\gatsby-booking-com\src\assets\infoDark.svg", "XML", 0, 0, 0, 0, 1, 0, 0, 0, 1
"c:\Users\oloa\OneDrive\Pulpit\gatsby-booking-com\src\assets\infoWarning.svg", "XML", 0, 0, 0, 0, 1, 0, 0, 0, 1
"c:\Users\oloa\OneDrive\Pulpit\gatsby-booking-com\src\assets\left.svg", "XML", 0, 0, 0, 0, 1, 0, 0, 0, 1
"c:\Users\oloa\OneDrive\Pulpit\gatsby-booking-com\src\assets\like.svg", "XML", 0, 0, 0, 0, 5, 0, 0, 0, 5
"c:\Users\oloa\OneDrive\Pulpit\gatsby-booking-com\src\assets\login.svg", "XML", 0, 0, 0, 0, 1, 0, 0, 0, 1
"c:\Users\oloa\OneDrive\Pulpit\gatsby-booking-com\src\assets\magnifing.svg", "XML", 0, 0, 0, 0, 1, 0, 0, 0, 1
"c:\Users\oloa\OneDrive\Pulpit\gatsby-booking-com\src\assets\mobile.svg", "XML", 0, 0, 0, 0, 1, 0, 0, 0, 1
"c:\Users\oloa\OneDrive\Pulpit\gatsby-booking-com\src\assets\more.svg", "XML", 0, 0, 0, 0, 1, 0, 0, 0, 1
"c:\Users\oloa\OneDrive\Pulpit\gatsby-booking-com\src\assets\offer.svg", "XML", 0, 0, 0, 0, 1, 0, 0, 0, 1
"c:\Users\oloa\OneDrive\Pulpit\gatsby-booking-com\src\assets\paper.svg", "XML", 0, 0, 0, 0, 1, 0, 0, 0, 1
"c:\Users\oloa\OneDrive\Pulpit\gatsby-booking-com\src\assets\partner.svg", "XML", 0, 0, 0, 0, 1, 0, 0, 0, 1
"c:\Users\oloa\OneDrive\Pulpit\gatsby-booking-com\src\assets\percent.svg", "XML", 0, 0, 0, 0, 1, 0, 0, 0, 1
"c:\Users\oloa\OneDrive\Pulpit\gatsby-booking-com\src\assets\percents.svg", "XML", 0, 0, 0, 0, 1, 0, 0, 0, 1
"c:\Users\oloa\OneDrive\Pulpit\gatsby-booking-com\src\assets\person.svg", "XML", 0, 0, 0, 0, 16, 0, 1, 0, 17
"c:\Users\oloa\OneDrive\Pulpit\gatsby-booking-com\src\assets\plane.svg", "XML", 0, 0, 0, 0, 1, 0, 0, 0, 1
"c:\Users\oloa\OneDrive\Pulpit\gatsby-booking-com\src\assets\planeHover.svg", "XML", 0, 0, 0, 0, 1, 0, 0, 0, 1
"c:\Users\oloa\OneDrive\Pulpit\gatsby-booking-com\src\assets\question.svg", "XML", 0, 0, 0, 0, 1, 0, 0, 0, 1
"c:\Users\oloa\OneDrive\Pulpit\gatsby-booking-com\src\assets\quiet.svg", "XML", 0, 0, 0, 0, 3, 0, 0, 0, 3
"c:\Users\oloa\OneDrive\Pulpit\gatsby-booking-com\src\assets\right.svg", "XML", 0, 0, 0, 0, 1, 0, 0, 0, 1
"c:\Users\oloa\OneDrive\Pulpit\gatsby-booking-com\src\assets\rollercoster.svg", "XML", 0, 0, 0, 0, 1, 0, 0, 0, 1
"c:\Users\oloa\OneDrive\Pulpit\gatsby-booking-com\src\assets\rules.svg", "XML", 0, 0, 0, 0, 1, 0, 0, 0, 1
"c:\Users\oloa\OneDrive\Pulpit\gatsby-booking-com\src\assets\search.svg", "XML", 0, 0, 0, 0, 1, 0, 0, 0, 1
"c:\Users\oloa\OneDrive\Pulpit\gatsby-booking-com\src\assets\taxi.svg", "XML", 0, 0, 0, 0, 1, 0, 0, 0, 1
"c:\Users\oloa\OneDrive\Pulpit\gatsby-booking-com\src\assets\world.svg", "XML", 0, 0, 0, 0, 1, 0, 0, 0, 1
"c:\Users\oloa\OneDrive\Pulpit\gatsby-booking-com\src\components\Accordion\index.tsx", "TypeScript React", 0, 40, 0, 0, 0, 0, 0, 8, 48
"c:\Users\oloa\OneDrive\Pulpit\gatsby-booking-com\src\components\BarSimple\index.tsx", "TypeScript React", 0, 18, 0, 0, 0, 0, 0, 3, 21
"c:\Users\oloa\OneDrive\Pulpit\gatsby-booking-com\src\components\Bar\index.tsx", "TypeScript React", 0, 19, 0, 0, 0, 0, 0, 4, 23
"c:\Users\oloa\OneDrive\Pulpit\gatsby-booking-com\src\components\Breadcrumb\index.tsx", "TypeScript React", 0, 101, 0, 0, 0, 0, 0, 4, 105
"c:\Users\oloa\OneDrive\Pulpit\gatsby-booking-com\src\components\Button\index.tsx", "TypeScript React", 0, 14, 0, 0, 0, 0, 0, 4, 18
"c:\Users\oloa\OneDrive\Pulpit\gatsby-booking-com\src\components\Calendar\build.ts", "TypeScript", 0, 0, 15, 0, 0, 0, 0, 3, 18
"c:\Users\oloa\OneDrive\Pulpit\gatsby-booking-com\src\components\Calendar\header.tsx", "TypeScript React", 0, 40, 0, 0, 0, 0, 0, 8, 48
"c:\Users\oloa\OneDrive\Pulpit\gatsby-booking-com\src\components\Calendar\index.tsx", "TypeScript React", 0, 56, 0, 0, 0, 0, 0, 6, 62
"c:\Users\oloa\OneDrive\Pulpit\gatsby-booking-com\src\components\Calendar\styles.ts", "TypeScript", 0, 0, 19, 0, 0, 0, 0, 5, 24
"c:\Users\oloa\OneDrive\Pulpit\gatsby-booking-com\src\components\Card1\index.tsx", "TypeScript React", 0, 33, 0, 0, 0, 0, 0, 6, 39
"c:\Users\oloa\OneDrive\Pulpit\gatsby-booking-com\src\components\Card2\index.tsx", "TypeScript React", 0, 36, 0, 0, 0, 0, 0, 5, 41
"c:\Users\oloa\OneDrive\Pulpit\gatsby-booking-com\src\components\Card3\index.tsx", "TypeScript React", 0, 38, 0, 0, 0, 0, 0, 7, 45
"c:\Users\oloa\OneDrive\Pulpit\gatsby-booking-com\src\components\Card4\index.tsx", "TypeScript React", 0, 25, 0, 0, 0, 0, 0, 5, 30
"c:\Users\oloa\OneDrive\Pulpit\gatsby-booking-com\src\components\Card5\index.tsx", "TypeScript React", 0, 34, 0, 0, 0, 0, 0, 5, 39
"c:\Users\oloa\OneDrive\Pulpit\gatsby-booking-com\src\components\Card6\index.tsx", "TypeScript React", 0, 24, 0, 0, 0, 0, 0, 4, 28
"c:\Users\oloa\OneDrive\Pulpit\gatsby-booking-com\src\components\Checkbox\index.tsx", "TypeScript React", 0, 14, 0, 0, 0, 0, 0, 4, 18
"c:\Users\oloa\OneDrive\Pulpit\gatsby-booking-com\src\components\CustomArrow\index.tsx", "TypeScript React", 0, 20, 0, 0, 0, 0, 1, 4, 25
"c:\Users\oloa\OneDrive\Pulpit\gatsby-booking-com\src\components\Footer\index.tsx", "TypeScript React", 0, 89, 0, 0, 0, 0, 0, 10, 99
"c:\Users\oloa\OneDrive\Pulpit\gatsby-booking-com\src\components\Form\index.tsx", "TypeScript React", 0, 91, 0, 0, 0, 0, 0, 15, 106
"c:\Users\oloa\OneDrive\Pulpit\gatsby-booking-com\src\components\Header\index.tsx", "TypeScript React", 0, 127, 0, 0, 0, 0, 0, 12, 139
"c:\Users\oloa\OneDrive\Pulpit\gatsby-booking-com\src\components\Header\submenu.tsx", "TypeScript React", 0, 106, 0, 0, 0, 0, 0, 10, 116
"c:\Users\oloa\OneDrive\Pulpit\gatsby-booking-com\src\components\Input1\index.tsx", "TypeScript React", 0, 5, 0, 0, 0, 0, 0, 3, 8
"c:\Users\oloa\OneDrive\Pulpit\gatsby-booking-com\src\components\InputDate\index.tsx", "TypeScript React", 0, 51, 0, 0, 0, 0, 0, 8, 59
"c:\Users\oloa\OneDrive\Pulpit\gatsby-booking-com\src\components\InputDouble\index.tsx", "TypeScript React", 0, 35, 0, 0, 0, 0, 0, 8, 43
"c:\Users\oloa\OneDrive\Pulpit\gatsby-booking-com\src\components\InputPeople\index.tsx", "TypeScript React", 0, 34, 0, 0, 0, 0, 0, 7, 41
"c:\Users\oloa\OneDrive\Pulpit\gatsby-booking-com\src\components\InputPeople\options.tsx", "TypeScript React", 0, 87, 0, 0, 0, 0, 0, 7, 94
"c:\Users\oloa\OneDrive\Pulpit\gatsby-booking-com\src\components\Input\index.tsx", "TypeScript React", 0, 26, 0, 0, 0, 0, 0, 6, 32
"c:\Users\oloa\OneDrive\Pulpit\gatsby-booking-com\src\components\Layout\layout.tsx", "TypeScript React", 0, 20, 0, 0, 0, 0, 0, 5, 25
"c:\Users\oloa\OneDrive\Pulpit\gatsby-booking-com\src\components\NewsLetter\index.tsx", "TypeScript React", 0, 24, 0, 0, 0, 0, 0, 6, 30
"c:\Users\oloa\OneDrive\Pulpit\gatsby-booking-com\src\components\Path\index.tsx", "TypeScript React", 0, 16, 0, 0, 0, 0, 0, 5, 21
"c:\Users\oloa\OneDrive\Pulpit\gatsby-booking-com\src\components\Popup\index.tsx", "TypeScript React", 0, 14, 0, 0, 0, 0, 0, 4, 18
"c:\Users\oloa\OneDrive\Pulpit\gatsby-booking-com\src\components\Radio\index.tsx", "TypeScript React", 0, 14, 0, 0, 0, 0, 0, 4, 18
"c:\Users\oloa\OneDrive\Pulpit\gatsby-booking-com\src\components\ResultCard\index.tsx", "TypeScript React", 0, 76, 0, 0, 0, 0, 0, 12, 88
"c:\Users\oloa\OneDrive\Pulpit\gatsby-booking-com\src\declarations.d.ts", "TypeScript", 0, 0, 4, 0, 0, 0, 6, 3, 13
"c:\Users\oloa\OneDrive\Pulpit\gatsby-booking-com\src\pages\404.tsx", "TypeScript React", 0, 51, 0, 0, 0, 0, 0, 10, 61
"c:\Users\oloa\OneDrive\Pulpit\gatsby-booking-com\src\pages\cards\cities\karpacz.md", "Markdown", 0, 0, 0, 10, 0, 0, 0, 1, 11
"c:\Users\oloa\OneDrive\Pulpit\gatsby-booking-com\src\pages\cards\cities\krakow.md", "Markdown", 0, 0, 0, 10, 0, 0, 0, 1, 11
"c:\Users\oloa\OneDrive\Pulpit\gatsby-booking-com\src\pages\cards\cities\poznan.md", "Markdown", 0, 0, 0, 10, 0, 0, 0, 1, 11
"c:\Users\oloa\OneDrive\Pulpit\gatsby-booking-com\src\pages\cards\cities\warszawa.md", "Markdown", 0, 0, 0, 10, 0, 0, 0, 1, 11
"c:\Users\oloa\OneDrive\Pulpit\gatsby-booking-com\src\pages\cards\cities\wroclaw.md", "Markdown", 0, 0, 0, 10, 0, 0, 0, 1, 11
"c:\Users\oloa\OneDrive\Pulpit\gatsby-booking-com\src\pages\cards\contact\Polska.md", "Markdown", 0, 0, 0, 10, 0, 0, 0, 1, 11
"c:\Users\oloa\OneDrive\Pulpit\gatsby-booking-com\src\pages\cards\contact\brazylia.md", "Markdown", 0, 0, 0, 10, 0, 0, 0, 1, 11
"c:\Users\oloa\OneDrive\Pulpit\gatsby-booking-com\src\pages\cards\contact\travelTalk.md", "Markdown", 0, 0, 0, 10, 0, 0, 0, 1, 11
"c:\Users\oloa\OneDrive\Pulpit\gatsby-booking-com\src\pages\cards\contact\wiecej.md", "Markdown", 0, 0, 0, 10, 0, 0, 0, 1, 11
"c:\Users\oloa\OneDrive\Pulpit\gatsby-booking-com\src\pages\cards\discover\gdansk.md", "Markdown", 0, 0, 0, 10, 0, 0, 0, 1, 11
"c:\Users\oloa\OneDrive\Pulpit\gatsby-booking-com\src\pages\cards\discover\krakow.md", "Markdown", 0, 0, 0, 10, 0, 0, 0, 1, 11
"c:\Users\oloa\OneDrive\Pulpit\gatsby-booking-com\src\pages\cards\discover\mazury.md", "Markdown", 0, 0, 0, 10, 0, 0, 0, 1, 11
"c:\Users\oloa\OneDrive\Pulpit\gatsby-booking-com\src\pages\cards\discover\morzeBaltyckie.md", "Markdown", 0, 0, 0, 10, 0, 0, 0, 1, 11
"c:\Users\oloa\OneDrive\Pulpit\gatsby-booking-com\src\pages\cards\discover\sopot.md", "Markdown", 0, 0, 0, 10, 0, 0, 0, 1, 11
"c:\Users\oloa\OneDrive\Pulpit\gatsby-booking-com\src\pages\cards\discover\warszawa.md", "Markdown", 0, 0, 0, 10, 0, 0, 0, 1, 11
"c:\Users\oloa\OneDrive\Pulpit\gatsby-booking-com\src\pages\cards\discover\wroclaw.md", "Markdown", 0, 0, 0, 10, 0, 0, 0, 1, 11
"c:\Users\oloa\OneDrive\Pulpit\gatsby-booking-com\src\pages\cards\discover\zakopane.md", "Markdown", 0, 0, 0, 10, 0, 0, 0, 1, 11
"c:\Users\oloa\OneDrive\Pulpit\gatsby-booking-com\src\pages\cards\houses\belinskogo.md", "Markdown", 0, 0, 0, 10, 0, 0, 0, 1, 11
"c:\Users\oloa\OneDrive\Pulpit\gatsby-booking-com\src\pages\cards\houses\casaDiEdi.md", "Markdown", 0, 0, 0, 10, 0, 0, 0, 1, 11
"c:\Users\oloa\OneDrive\Pulpit\gatsby-booking-com\src\pages\cards\houses\lemanLocke.md", "Markdown", 0, 0, 0, 10, 0, 0, 0, 1, 11
"c:\Users\oloa\OneDrive\Pulpit\gatsby-booking-com\src\pages\cards\houses\residenceLeCopacabana.md", "Markdown", 0, 0, 0, 10, 0, 0, 0, 1, 11
"c:\Users\oloa\OneDrive\Pulpit\gatsby-booking-com\src\pages\cards\houses\sugarLoft.md", "Markdown", 0, 0, 0, 10, 0, 0, 0, 1, 11
"c:\Users\oloa\OneDrive\Pulpit\gatsby-booking-com\src\pages\cards\inspirations\domyWakacyjne.md", "Markdown", 0, 0, 0, 37, 0, 0, 0, 28, 65
"c:\Users\oloa\OneDrive\Pulpit\gatsby-booking-com\src\pages\cards\inspirations\jeziora.md", "Markdown", 0, 0, 0, 37, 0, 0, 0, 27, 64
"c:\Users\oloa\OneDrive\Pulpit\gatsby-booking-com\src\pages\cards\inspirations\miejsca.md", "Markdown", 0, 0, 0, 37, 0, 0, 0, 27, 64
"c:\Users\oloa\OneDrive\Pulpit\gatsby-booking-com\src\pages\cards\inspirations\podroze.md", "Markdown", 0, 0, 0, 37, 0, 0, 0, 27, 64
"c:\Users\oloa\OneDrive\Pulpit\gatsby-booking-com\src\pages\cards\inspirations\przewodnik.md", "Markdown", 0, 0, 0, 37, 0, 0, 0, 27, 64
"c:\Users\oloa\OneDrive\Pulpit\gatsby-booking-com\src\pages\cards\more\francja.md", "Markdown", 0, 0, 0, 10, 0, 0, 0, 1, 11
"c:\Users\oloa\OneDrive\Pulpit\gatsby-booking-com\src\pages\cards\more\hiszpania.md", "Markdown", 0, 0, 0, 10, 0, 0, 0, 1, 11
"c:\Users\oloa\OneDrive\Pulpit\gatsby-booking-com\src\pages\cards\more\niemcy.md", "Markdown", 0, 0, 0, 10, 0, 0, 0, 1, 11
"c:\Users\oloa\OneDrive\Pulpit\gatsby-booking-com\src\pages\cards\more\usa.md", "Markdown", 0, 0, 0, 10, 0, 0, 0, 1, 11
"c:\Users\oloa\OneDrive\Pulpit\gatsby-booking-com\src\pages\cards\more\wlochy.md", "Markdown", 0, 0, 0, 10, 0, 0, 0, 1, 11
"c:\Users\oloa\OneDrive\Pulpit\gatsby-booking-com\src\pages\cards\object-kinds\apartamenty.md", "Markdown", 0, 0, 0, 10, 0, 0, 0, 1, 11
"c:\Users\oloa\OneDrive\Pulpit\gatsby-booking-com\src\pages\cards\object-kinds\domki.md", "Markdown", 0, 0, 0, 10, 0, 0, 0, 1, 11
"c:\Users\oloa\OneDrive\Pulpit\gatsby-booking-com\src\pages\cards\object-kinds\domkiWiejskie.md", "Markdown", 0, 0, 0, 10, 0, 0, 0, 1, 11
"c:\Users\oloa\OneDrive\Pulpit\gatsby-booking-com\src\pages\cards\object-kinds\hotele.md", "Markdown", 0, 0, 0, 10, 0, 0, 0, 1, 11
"c:\Users\oloa\OneDrive\Pulpit\gatsby-booking-com\src\pages\cards\object-kinds\hoteleApartamentowe.md", "Markdown", 0, 0, 0, 10, 0, 0, 0, 1, 11
"c:\Users\oloa\OneDrive\Pulpit\gatsby-booking-com\src\pages\cards\object-kinds\luksusowyKemping.md", "Markdown", 0, 0, 0, 10, 0, 0, 0, 1, 11
"c:\Users\oloa\OneDrive\Pulpit\gatsby-booking-com\src\pages\cards\object-kinds\osrodkiWypoczyknowe.md", "Markdown", 0, 0, 0, 10, 0, 0, 0, 1, 11
"c:\Users\oloa\OneDrive\Pulpit\gatsby-booking-com\src\pages\cards\object-kinds\wille.md", "Markdown", 0, 0, 0, 10, 0, 0, 0, 1, 11
"c:\Users\oloa\OneDrive\Pulpit\gatsby-booking-com\src\pages\cards\regions\gdansk.md", "Markdown", 0, 0, 0, 12, 0, 0, 0, 1, 13
"c:\Users\oloa\OneDrive\Pulpit\gatsby-booking-com\src\pages\cards\regions\karpacz.md", "Markdown", 0, 0, 0, 14, 0, 0, 0, 1, 15
"c:\Users\oloa\OneDrive\Pulpit\gatsby-booking-com\src\pages\cards\regions\katowice.md", "Markdown", 0, 0, 0, 12, 0, 0, 0, 1, 13
"c:\Users\oloa\OneDrive\Pulpit\gatsby-booking-com\src\pages\cards\regions\lodz.md", "Markdown", 0, 0, 0, 12, 0, 0, 0, 1, 13
"c:\Users\oloa\OneDrive\Pulpit\gatsby-booking-com\src\pages\cards\regions\szklarska.md", "Markdown", 0, 0, 0, 10, 0, 0, 0, 1, 11
"c:\Users\oloa\OneDrive\Pulpit\gatsby-booking-com\src\pages\cards\regions\zakopane.md", "Markdown", 0, 0, 0, 12, 0, 0, 0, 1, 13
"c:\Users\oloa\OneDrive\Pulpit\gatsby-booking-com\src\pages\flights.tsx", "TypeScript React", 0, 99, 0, 0, 0, 0, 0, 12, 111
"c:\Users\oloa\OneDrive\Pulpit\gatsby-booking-com\src\pages\index.tsx", "TypeScript React", 0, 323, 0, 0, 0, 0, 0, 22, 345
"c:\Users\oloa\OneDrive\Pulpit\gatsby-booking-com\src\pages\login.tsx", "TypeScript React", 0, 58, 0, 0, 0, 0, 0, 10, 68
"c:\Users\oloa\OneDrive\Pulpit\gatsby-booking-com\src\pages\searchresults.tsx", "TypeScript React", 0, 192, 0, 0, 0, 0, 0, 13, 205
"c:\Users\oloa\OneDrive\Pulpit\gatsby-booking-com\src\state\accordion\index.ts", "TypeScript", 0, 0, 20, 0, 0, 0, 0, 7, 27
"c:\Users\oloa\OneDrive\Pulpit\gatsby-booking-com\src\state\counter\index.ts", "TypeScript", 0, 0, 48, 0, 0, 0, 0, 7, 55
"c:\Users\oloa\OneDrive\Pulpit\gatsby-booking-com\src\state\header\index.ts", "TypeScript", 0, 0, 26, 0, 0, 0, 0, 7, 33
"c:\Users\oloa\OneDrive\Pulpit\gatsby-booking-com\src\state\input\index.ts", "TypeScript", 0, 0, 23, 0, 0, 0, 0, 7, 30
"c:\Users\oloa\OneDrive\Pulpit\gatsby-booking-com\src\state\store.ts", "TypeScript", 0, 0, 22, 0, 0, 0, 0, 5, 27
"c:\Users\oloa\OneDrive\Pulpit\gatsby-booking-com\src\styles\fonts.scss", "SCSS", 2, 0, 0, 0, 0, 0, 0, 1, 3
"c:\Users\oloa\OneDrive\Pulpit\gatsby-booking-com\src\styles\global.scss", "SCSS", 56, 0, 0, 0, 0, 0, 0, 11, 67
"c:\Users\oloa\OneDrive\Pulpit\gatsby-booking-com\src\styles\mixins.scss", "SCSS", 3, 0, 0, 0, 0, 0, 1, 1, 5
"c:\Users\oloa\OneDrive\Pulpit\gatsby-booking-com\src\styles\normalize.scss", "SCSS", 146, 0, 0, 0, 0, 0, 131, 75, 352
"c:\Users\oloa\OneDrive\Pulpit\gatsby-booking-com\src\styles\themes\components\_accordion.scss", "SCSS", 46, 0, 0, 0, 0, 0, 0, 10, 56
"c:\Users\oloa\OneDrive\Pulpit\gatsby-booking-com\src\styles\themes\components\_bar.scss", "SCSS", 45, 0, 0, 0, 0, 0, 0, 8, 53
"c:\Users\oloa\OneDrive\Pulpit\gatsby-booking-com\src\styles\themes\components\_breadcrumb.scss", "SCSS", 49, 0, 0, 0, 0, 0, 0, 8, 57
"c:\Users\oloa\OneDrive\Pulpit\gatsby-booking-com\src\styles\themes\components\_button.scss", "SCSS", 20, 0, 0, 0, 0, 0, 0, 3, 23
"c:\Users\oloa\OneDrive\Pulpit\gatsby-booking-com\src\styles\themes\components\_calendar.scss", "SCSS", 73, 0, 0, 0, 0, 0, 0, 17, 90
"c:\Users\oloa\OneDrive\Pulpit\gatsby-booking-com\src\styles\themes\components\_card1.scss", "SCSS", 74, 0, 0, 0, 0, 0, 0, 9, 83
"c:\Users\oloa\OneDrive\Pulpit\gatsby-booking-com\src\styles\themes\components\_card2.scss", "SCSS", 30, 0, 0, 0, 0, 0, 0, 5, 35
"c:\Users\oloa\OneDrive\Pulpit\gatsby-booking-com\src\styles\themes\components\_card3.scss", "SCSS", 60, 0, 0, 0, 0, 0, 0, 10, 70
"c:\Users\oloa\OneDrive\Pulpit\gatsby-booking-com\src\styles\themes\components\_card4.scss", "SCSS", 55, 0, 0, 0, 0, 0, 0, 7, 62
"c:\Users\oloa\OneDrive\Pulpit\gatsby-booking-com\src\styles\themes\components\_card5.scss", "SCSS", 72, 0, 0, 0, 0, 0, 0, 9, 81
"c:\Users\oloa\OneDrive\Pulpit\gatsby-booking-com\src\styles\themes\components\_card6.scss", "SCSS", 55, 0, 0, 0, 0, 0, 0, 7, 62
"c:\Users\oloa\OneDrive\Pulpit\gatsby-booking-com\src\styles\themes\components\_cardResult.scss", "SCSS", 169, 0, 0, 0, 0, 0, 0, 30, 199
"c:\Users\oloa\OneDrive\Pulpit\gatsby-booking-com\src\styles\themes\components\_checkbox.scss", "SCSS", 51, 0, 0, 0, 0, 0, 0, 7, 58
"c:\Users\oloa\OneDrive\Pulpit\gatsby-booking-com\src\styles\themes\components\_customCarouselArrow.scss", "SCSS", 30, 0, 0, 0, 0, 0, 0, 5, 35
"c:\Users\oloa\OneDrive\Pulpit\gatsby-booking-com\src\styles\themes\components\_footer.scss", "SCSS", 60, 0, 0, 0, 0, 0, 0, 11, 71
"c:\Users\oloa\OneDrive\Pulpit\gatsby-booking-com\src\styles\themes\components\_form.scss", "SCSS", 73, 0, 0, 0, 0, 0, 0, 14, 87
"c:\Users\oloa\OneDrive\Pulpit\gatsby-booking-com\src\styles\themes\components\_header.scss", "SCSS", 208, 0, 0, 0, 0, 0, 0, 38, 246
"c:\Users\oloa\OneDrive\Pulpit\gatsby-booking-com\src\styles\themes\components\_input.scss", "SCSS", 36, 0, 0, 0, 0, 0, 0, 6, 42
"c:\Users\oloa\OneDrive\Pulpit\gatsby-booking-com\src\styles\themes\components\_input1.scss", "SCSS", 12, 0, 0, 0, 0, 0, 0, 1, 13
"c:\Users\oloa\OneDrive\Pulpit\gatsby-booking-com\src\styles\themes\components\_inputDate.scss", "SCSS", 46, 0, 0, 0, 0, 0, 0, 8, 54
"c:\Users\oloa\OneDrive\Pulpit\gatsby-booking-com\src\styles\themes\components\_inputDouble.scss", "SCSS", 45, 0, 0, 0, 0, 0, 0, 7, 52
"c:\Users\oloa\OneDrive\Pulpit\gatsby-booking-com\src\styles\themes\components\_inputPeople.scss", "SCSS", 83, 0, 0, 0, 0, 0, 0, 16, 99
"c:\Users\oloa\OneDrive\Pulpit\gatsby-booking-com\src\styles\themes\components\_newsLetter.scss", "SCSS", 42, 0, 0, 0, 0, 0, 0, 8, 50
"c:\Users\oloa\OneDrive\Pulpit\gatsby-booking-com\src\styles\themes\components\_path.scss", "SCSS", 38, 0, 0, 0, 0, 0, 0, 8, 46
"c:\Users\oloa\OneDrive\Pulpit\gatsby-booking-com\src\styles\themes\components\_popup.scss", "SCSS", 30, 0, 0, 0, 0, 0, 0, 3, 33
"c:\Users\oloa\OneDrive\Pulpit\gatsby-booking-com\src\styles\themes\components\_radio.scss", "SCSS", 50, 0, 0, 0, 0, 0, 0, 7, 57
"c:\Users\oloa\OneDrive\Pulpit\gatsby-booking-com\src\styles\themes\pages\_404.scss", "SCSS", 88, 0, 0, 0, 0, 0, 0, 17, 105
"c:\Users\oloa\OneDrive\Pulpit\gatsby-booking-com\src\styles\themes\pages\_blogPost.scss", "SCSS", 32, 0, 0, 0, 0, 0, 0, 8, 40
"c:\Users\oloa\OneDrive\Pulpit\gatsby-booking-com\src\styles\themes\pages\_flights.scss", "SCSS", 59, 0, 0, 0, 0, 0, 0, 10, 69
"c:\Users\oloa\OneDrive\Pulpit\gatsby-booking-com\src\styles\themes\pages\_login.scss", "SCSS", 97, 0, 0, 0, 0, 0, 0, 17, 114
"c:\Users\oloa\OneDrive\Pulpit\gatsby-booking-com\src\styles\themes\pages\_mainPage.scss", "SCSS", 93, 0, 0, 0, 0, 0, 0, 16, 109
"c:\Users\oloa\OneDrive\Pulpit\gatsby-booking-com\src\styles\themes\pages\_searchresults.scss", "SCSS", 121, 0, 0, 0, 0, 0, 0, 24, 145
"c:\Users\oloa\OneDrive\Pulpit\gatsby-booking-com\src\styles\themes\theme.scss", "SCSS", 36, 0, 0, 0, 0, 0, 2, 3, 41
"c:\Users\oloa\OneDrive\Pulpit\gatsby-booking-com\src\styles\variables.scss", "SCSS", 54, 0, 0, 0, 0, 0, 16, 9, 79
"c:\Users\oloa\OneDrive\Pulpit\gatsby-booking-com\src\templates\blog-post.tsx", "TypeScript React", 0, 46, 0, 0, 0, 0, 0, 8, 54
"c:\Users\oloa\OneDrive\Pulpit\gatsby-booking-com\src\utils\booking-hotel-scraper-04-Jun-2021.json", "JSON", 0, 0, 0, 0, 0, 212, 0, 1, 213
"Total", "-", 2339, 2096, 177, 607, 336, 212, 160, 952, 6879